-- Inserindo dados em Cliente

insert into Cliente values ('52364879240', 'Joana Sisi', 89789674582, 'Lauro de Freitas', 'Rua das Margaridas', 'Centro', 615);
insert into Cliente values ('71234567890', 'Carlos Souza', 99887766554, 'Salvador', 'Av. Brasil', 'Itapuã', 120);
insert into Cliente values ('65432178901', 'Ana Clara', 98765432100, 'Feira de Santana', 'Rua do Sol', 'Kalilândia', 45);
insert into Cliente values ('12345678901', 'Marcos Lima', 91234567890, 'Vitória da Conquista', 'Rua Bahia', 'Candeias', 33);
insert into Cliente values ('98765432100', 'Juliana Alves', 91987654321, 'Itabuna', 'Rua das Palmeiras', 'São Caetano', 88);
insert into Cliente values ('19283746501', 'Lucas Rocha', 91122334455, 'Jequié', 'Rua do Campo', 'Centro', 9);
insert into Cliente values ('56473829100', 'Paula Ferreira', 98811223344, 'Ilhéus', 'Travessa São José', 'Malhado', 101);
insert into Cliente values ('90817263540', 'Thiago Pinto', 99778855664, 'Camaçari', 'Rua das Rosas', 'Gleba A', 204);
insert into Cliente values ('10928374650', 'Beatriz Gomes', 91230987654, 'Simões Filho', 'Alameda das Águas', 'CIA 1', 300);
insert into Cliente values ('83746592810', 'Felipe Oliveira', 98765123456, 'Alagoinhas', 'Rua das Acácias', 'Jardim Petrolar', 70);
insert into Cliente values ('72635481920', 'Mariana Costa', 99884455667, 'Barreiras', 'Av. Contorno', 'Sandra Regina', 215);
insert into Cliente values ('63829104756', 'Gabriel Martins', 98777889900, 'Teixeira de Freitas', 'Rua das Flores', 'Monte Castelo', 11);
insert into Cliente values ('51472839016', 'Camila Andrade', 91912233445, 'Jacobina', 'Rua São Pedro', 'Leader', 55);
insert into Cliente values ('40726183900', 'Renan Farias', 91827364554, 'Eunápolis', 'Rua Nova Esperança', 'Pequi', 90);
insert into Cliente values ('39172648100', 'Aline Reis', 91199887766, 'Santo Antônio de Jesus', 'Rua das Hortências', 'Centro', 73);
insert into Cliente values ('27836451020', 'Bruno Almeida', 98770011223, 'Valença', 'Rua das Laranjeiras', 'Bolivar', 130);
insert into Cliente values ('18273645500', 'Larissa Melo', 98834567890, 'Candeias', 'Av. Sete de Setembro', 'Arebaba', 48);
insert into Cliente values ('09183726455', 'Vinícius Nunes', 91772334455, 'Itaberaba', 'Rua Marechal Deodoro', 'Barro Vermelho', 12);
insert into Cliente values ('74829103670', 'Tatiane Ribeiro', 99887655443, 'Senhor do Bonfim', 'Rua do Prado', 'Olaria', 207);
insert into Cliente values ('61928374500', 'Danilo Castro', 98766554433, 'Brumado', 'Rua São João', 'Centro', 314);
insert into Cliente values ('53718294600', 'Elaine Costa', 91884455667, 'Irecê', 'Rua das Mangueiras', 'Coqueiro', 23);
insert into Cliente values ('49182736490', 'Ricardo Lima', 91666778899, 'Salvador', 'Av. Bonocô', 'Brotas', 119);
insert into Cliente values ('38291746520', 'Débora Vieira', 98812345678, 'Itapetinga', 'Rua Primavera', 'Clodoaldo Costa', 87);
insert into Cliente values ('27364582900', 'Mateus Rocha', 91123456789, 'Amargosa', 'Rua Alto do Cruzeiro', 'Catiara', 64);
insert into Cliente values ('16273849500', 'Sabrina Leal', 98799887766, 'Cruz das Almas', 'Rua Boa Vista', 'Coplan', 149);




-- inserindo Produto 
insert into produto values (1, 'Água de Cocô', 10.50, 80);
insert into produto values (2, 'Acarajé', 12.00, 25);
insert into produto values (3, 'Casquinha de Siri', 15.00, 15);
insert into produto values (4, 'Moqueca de Peixe', 25.90, 50);
insert into produto values (5, 'Camarão Frito', 22.50, 45);
insert into produto values (6, 'Vatapá', 10.00, 71);
insert into produto values (7, 'Bolinho de Estudante', 5.50, 13);
insert into produto values (8, 'Caruru', 9.00, 16);
insert into produto values (9, 'Arroz de Hauçá', 16.00, 15);
insert into produto values (10, 'Cocada', 7.00, 80);
insert into produto values (11, 'Peixada Baiana', 20.00, 100);
insert into produto values (12, 'Caldo de Sururu', 12.50, 15);
insert into produto values (13, 'Abará', 8.50, 52);
insert into produto values (14, 'Munguzá', 6.00, 25);
insert into produto values (15, 'Tapioca', 4.50, 26);
insert into produto values (16, 'Cuscuz', 7.20, 50);
insert into produto values (17, 'Carne de Sol', 18.00, 96);
insert into produto values (18, 'Farofa', 5.00, 28);
insert into produto values (19, 'Peixe Frito', 22.00, 69);
insert into produto values (20, 'Pirão', 9.50, 25);
insert into produto values (21, 'Quindim', 6.50, 50);
insert into produto values (22, 'Bolinhos de Camarão', 11.00, 250);
insert into produto values (23, 'Dobradinha', 16.50, 150);
insert into produto values (24, 'Bobó de Camarão', 24.00, 85);
insert into produto values (25, 'Sarapatel', 19.00, 50);



--inserindo Entregador

insert into entregador values ('15874693524', 'Keila Paulina', 71856942563, 'Mata de São João', 'Das Flores', 'Imbassai', 25);
insert into entregador values ('21584973610', 'Carlos Menezes', 71998877655, 'Salvador', 'M', 'Itapuã', 102);
insert into entregador values ('36985214700', 'Juliana Barreto', 71988776655, 'Feira de Santana', 'Jardins', 'Queimadinha', 47);
insert into entregador values ('47859632145', 'Renan Borges', 71977665443, 'Simões Filho', 'M', 'CIA 2', 84);
insert into entregador values ('59874123658', 'Tatiane Rocha', 71966554433, 'Camaçari', 'E', 'Gleba C', 93);
insert into entregador values ('62597418320', 'Felipe Costa', 71955443322, 'Salvador', 'M', 'Boca do Rio', 55);
insert into entregador values ('78123596417', 'Isabela Nunes', 71944332211, 'Feira de Santana', 'Paula Marid', 'Tomba', 31);
insert into entregador values ('89456321780', 'Anderson Freitas', 71933221100, 'Mata de São João', 'Flor', 'Praia do Forte', 18);
insert into entregador values ('90561427833', 'Luciana Dias', 71922110099, 'Simões Filho', 'E', 'Jardim Eldorado', 77);
insert into entregador values ('10398764521', 'Robson Lima', 71911009887, 'Camaçari', 'M', 'Buri Satuba', 60);


-- Incluindo pedidos
insert into pedido values (101, 'Acarajé', 8.00, '52364879240');
insert into pedido values (102, 'Moqueca de Peixe', 25.90, '71234567890');
insert into pedido values (103, 'Camarão Frito', 22.50, '65432178901');
insert into pedido values (104, 'Casquinha de Siri', 15.00, '12345678901');
insert into pedido values (105, 'Vatapá', 10.00, '98765432100');
insert into pedido values (106, 'Bolinho de Estudante', 5.50, '19283746501');
insert into pedido values (107, 'Caruru', 9.00, '56473829100');
insert into pedido values (108, 'Arroz de Hauçá', 16.00, '90817263540');

insert into Possui values (101, 2, 1); 
insert into Possui values (102, 4, 1); 
insert into Possui values (103, 5, 1); 
insert into Possui values (104, 3, 2); 
insert into Possui values (105, 6, 1); 
insert into Possui values (106, 7, 3); 
insert into Possui values (107, 8, 2); 
insert into Possui values (108, 9, 1); 



-- Entrega
insert into entrega values (201, 5, 'Entregue', '2025-06-10', '15874693524', 101);
insert into entrega values (202, 4, 'Em andamento', '2025-06-11', '21584973610', 102);
insert into entrega values (203, 3, 'Cancelado', '2025-06-09', '36985214700', 103);
insert into entrega values (204, 5, 'Entregue', '2025-06-08', '47859632145', 104);
insert into entrega values (205, 2, 'Em andamento', '2025-06-10', '59874123658', 105);
insert into entrega values (206, 4, 'Entregue', '2025-06-07', '62597418320', 106);
insert into entrega values (207, 5, 'Entregue', '2025-06-11', '78123596417', 107);
insert into entrega values (208, 3, 'Cancelado', '2025-06-10', '89456321780', 108);
